start;duration;pitch;velocity;instrument;string;fret;hammer;slides
0.0;0.11538461538461539;47;95;guitar;5;2;False;[]
0.11538461538461542;0.11538461538461539;54;95;guitar;4;4;False;[]
0.23076923076923073;0.11538461538461539;53;95;guitar;4;3;True;[]
0.34615384615384615;0.11538461538461539;54;95;guitar;4;4;False;[]
0.46153846153846156;0.11538461538461539;55;95;guitar;3;0;False;[]
0.576923076923077;0.11538461538461539;54;95;guitar;4;4;False;[]
0.6923076923076924;0.11538461538461539;59;95;guitar;3;4;False;[]
0.8076923076923078;0.11538461538461539;54;95;guitar;4;4;False;[]
0.923076923076923;0.11538461538461539;62;95;guitar;2;3;False;[]
1.0384615384615383;0.11538461538461539;54;95;guitar;4;4;False;[]
1.1538461538461537;0.11538461538461539;59;95;guitar;3;4;False;[]
1.2692307692307692;0.11538461538461539;54;95;guitar;4;4;False;[]
1.3846153846153846;0.11538461538461539;47;95;guitar;5;2;False;[]
1.5;0.11538461538461539;54;95;guitar;4;4;False;[]
1.6153846153846154;0.11538461538461539;53;95;guitar;4;3;True;[]
1.7307692307692308;0.11538461538461539;54;95;guitar;4;4;False;[]
1.8461538461538463;0.11538461538461539;55;95;guitar;3;0;False;[]
1.9615384615384617;0.11538461538461539;54;95;guitar;4;4;False;[]
2.076923076923077;0.11538461538461539;59;95;guitar;3;4;False;[]
2.1923076923076925;0.11538461538461539;54;95;guitar;4;4;False;[]
2.3076923076923075;0.11538461538461539;62;95;guitar;2;3;False;[]
2.423076923076923;0.11538461538461539;54;95;guitar;4;4;False;[]
2.5384615384615383;0.11538461538461539;59;95;guitar;3;4;False;[]
2.6538461538461537;0.11538461538461539;54;95;guitar;4;4;False;[]
2.769230769230769;0.11538461538461539;47;95;guitar;5;2;False;[]
2.8846153846153846;0.11538461538461539;55;95;guitar;4;5;False;[]
3.0;0.11538461538461539;54;95;guitar;4;4;True;[]
3.1153846153846154;0.11538461538461539;55;95;guitar;4;5;False;[]
3.230769230769231;0.11538461538461539;57;95;guitar;3;2;False;[]
3.3461538461538463;0.11538461538461539;55;95;guitar;4;5;False;[]
3.4615384615384617;0.11538461538461539;59;95;guitar;3;4;False;[]
3.5769230769230766;0.11538461538461539;55;95;guitar;4;5;False;[]
3.6923076923076925;0.11538461538461539;62;95;guitar;2;3;False;[]
3.8076923076923075;0.11538461538461539;55;95;guitar;4;5;False;[]
3.9230769230769234;0.11538461538461539;59;95;guitar;3;4;False;[]
4.038461538461538;0.11538461538461539;55;95;guitar;4;5;False;[]
4.153846153846154;0.11538461538461539;47;95;guitar;5;2;False;[]
4.269230769230769;0.11538461538461539;55;95;guitar;4;5;False;[]
4.384615384615385;0.11538461538461539;54;95;guitar;4;4;True;[]
4.5;0.11538461538461539;55;95;guitar;4;5;False;[]
4.615384615384616;0.11538461538461539;57;95;guitar;3;2;False;[]
4.730769230769231;0.11538461538461539;55;95;guitar;4;5;False;[]
4.846153846153847;0.11538461538461539;59;95;guitar;3;4;False;[]
4.961538461538462;0.11538461538461539;55;95;guitar;4;5;False;[]
5.076923076923077;0.11538461538461539;62;95;guitar;2;3;False;[]
5.1923076923076925;0.11538461538461539;55;95;guitar;4;5;False;[]
5.3076923076923075;0.11538461538461539;59;95;guitar;3;4;False;[]
5.423076923076923;0.11538461538461539;55;95;guitar;4;5;False;[]
5.538461538461538;0.11538461538461539;49;95;guitar;5;4;False;[]
5.653846153846154;0.11538461538461539;57;95;guitar;4;7;False;[]
5.769230769230769;0.11538461538461539;56;95;guitar;4;6;True;[]
5.884615384615385;0.11538461538461539;57;95;guitar;4;7;False;[]
6.0;0.11538461538461539;59;95;guitar;3;4;False;[]
6.115384615384616;0.11538461538461539;57;95;guitar;4;7;False;[]
6.230769230769231;0.11538461538461539;61;95;guitar;3;6;False;[]
6.346153846153847;0.11538461538461539;57;95;guitar;4;7;False;[]
6.461538461538462;0.11538461538461539;64;95;guitar;2;5;False;[]
6.5769230769230775;0.11538461538461539;57;95;guitar;4;7;False;[]
6.6923076923076925;0.11538461538461539;61;95;guitar;3;6;False;[]
6.807692307692308;0.11538461538461539;57;95;guitar;4;7;False;[]
6.923076923076923;0.11538461538461539;49;95;guitar;5;4;False;[]
7.038461538461538;0.11538461538461539;57;95;guitar;4;7;False;[]
7.153846153846154;0.11538461538461539;56;95;guitar;4;6;True;[]
7.269230769230769;0.11538461538461539;57;95;guitar;4;7;False;[]
7.384615384615385;0.11538461538461539;59;95;guitar;3;4;False;[]
7.5;0.11538461538461539;57;95;guitar;4;7;False;[]
7.615384615384615;0.11538461538461539;61;95;guitar;3;6;False;[]
7.730769230769232;0.11538461538461539;57;95;guitar;4;7;False;[]
7.846153846153847;0.11538461538461539;64;95;guitar;2;5;False;[]
7.961538461538462;0.11538461538461539;57;95;guitar;4;7;False;[]
8.076923076923077;0.11538461538461539;61;95;guitar;3;6;False;[]
8.192307692307693;0.11538461538461539;57;95;guitar;4;7;False;[]
8.307692307692308;0.11538461538461539;50;95;guitar;5;5;False;[]
8.423076923076923;0.11538461538461539;57;95;guitar;4;7;False;[]
8.538461538461538;0.11538461538461539;56;95;guitar;4;6;True;[]
8.653846153846155;0.11538461538461539;57;95;guitar;4;7;False;[]
8.76923076923077;0.11538461538461539;66;95;guitar;2;7;False;[]
8.884615384615385;0.11538461538461539;57;95;guitar;4;7;False;[]
9.0;0.11538461538461539;49;95;guitar;5;4;False;[]
9.115384615384615;0.11538461538461539;55;95;guitar;4;5;False;[]
9.230769230769232;0.11538461538461539;54;95;guitar;4;4;True;[]
9.346153846153847;0.11538461538461539;55;95;guitar;4;5;False;[]
9.461538461538462;0.11538461538461539;64;95;guitar;2;5;False;[]
9.576923076923077;0.11538461538461539;55;95;guitar;4;5;False;[]
9.692307692307693;0.11538461538461539;47;95;guitar;5;2;False;[]
9.807692307692308;0.11538461538461539;54;95;guitar;4;4;False;[]
9.923076923076923;0.11538461538461539;53;95;guitar;4;3;True;[]
10.038461538461538;0.11538461538461539;54;95;guitar;4;4;False;[]
10.153846153846155;0.11538461538461539;62;95;guitar;2;3;False;[]
10.26923076923077;0.11538461538461539;54;95;guitar;4;4;False;[]
10.384615384615385;0.11538461538461539;40;95;guitar;6;0;False;[]
10.5;0.11538461538461539;52;95;guitar;4;2;False;[]
10.615384615384615;0.11538461538461539;51;95;guitar;4;1;True;[]
10.730769230769232;0.11538461538461539;52;95;guitar;4;2;False;[]
10.846153846153847;0.11538461538461539;61;95;guitar;2;2;False;[]
10.961538461538462;0.11538461538461539;52;95;guitar;4;2;False;[]
11.076923076923077;0.11538461538461539;41;95;guitar;6;1;False;[]
11.192307692307693;0.11538461538461539;53;95;guitar;4;3;False;[]
11.307692307692308;0.11538461538461539;52;95;guitar;4;2;True;[]
11.423076923076923;0.11538461538461539;53;95;guitar;4;3;False;[]
11.538461538461538;0.11538461538461539;59;95;guitar;2;0;False;[]
11.653846153846155;0.11538461538461539;53;95;guitar;4;3;False;[]
11.76923076923077;0.11538461538461539;42;95;guitar;6;2;False;[]
11.884615384615385;0.11538461538461539;54;95;guitar;4;4;False;[]
12.0;0.11538461538461539;53;95;guitar;4;3;True;[]
12.115384615384617;0.11538461538461539;54;95;guitar;4;4;False;[]
12.230769230769232;0.11538461538461539;55;95;guitar;3;0;False;[]
12.346153846153847;0.11538461538461539;54;95;guitar;4;4;False;[]
12.461538461538462;0.11538461538461539;55;95;guitar;3;0;False;[]
12.576923076923077;0.11538461538461539;54;95;guitar;4;4;False;[]
12.692307692307693;0.11538461538461539;55;95;guitar;3;0;False;[]
12.807692307692308;0.11538461538461539;54;95;guitar;4;4;False;[]
12.923076923076923;0.11538461538461539;55;95;guitar;3;0;False;[]
13.038461538461538;0.11538461538461539;54;95;guitar;4;4;False;[]
13.153846153846155;0.11538461538461539;61;95;guitar;2;2;False;[]
13.26923076923077;0.11538461538461539;58;95;guitar;3;3;False;[]
13.384615384615385;0.11538461538461539;54;95;guitar;4;4;False;[]
13.5;0.11538461538461539;55;95;guitar;3;0;False;[]
13.615384615384617;0.11538461538461539;52;95;guitar;4;2;False;[]
13.730769230769232;0.11538461538461539;49;95;guitar;5;4;False;[]
13.846153846153847;0.11538461538461539;47;95;guitar;5;2;False;[]
13.961538461538462;0.11538461538461539;54;95;guitar;4;4;False;[]
14.076923076923078;0.11538461538461539;53;95;guitar;4;3;True;[]
14.192307692307693;0.11538461538461539;54;95;guitar;4;4;False;[]
14.307692307692308;0.11538461538461539;55;95;guitar;3;0;False;[]
14.423076923076923;0.11538461538461539;54;95;guitar;4;4;False;[]
14.538461538461538;0.11538461538461539;59;95;guitar;3;4;False;[]
14.653846153846155;0.11538461538461539;54;95;guitar;4;4;False;[]
14.76923076923077;0.11538461538461539;62;95;guitar;2;3;False;[]
14.884615384615385;0.11538461538461539;54;95;guitar;4;4;False;[]
15.0;0.11538461538461539;59;95;guitar;3;4;False;[]
15.115384615384617;0.11538461538461539;54;95;guitar;4;4;False;[]
15.230769230769232;0.11538461538461539;47;95;guitar;5;2;False;[]
15.346153846153847;0.11538461538461539;54;95;guitar;4;4;False;[]
15.461538461538462;0.11538461538461539;53;95;guitar;4;3;True;[]
15.576923076923078;0.11538461538461539;54;95;guitar;4;4;False;[]
15.692307692307692;0.11538461538461539;55;95;guitar;3;0;False;[]
15.807692307692308;0.11538461538461539;54;95;guitar;4;4;False;[]
15.923076923076925;0.11538461538461539;59;95;guitar;3;4;False;[]
16.03846153846154;0.11538461538461539;54;95;guitar;4;4;False;[]
16.153846153846157;0.11538461538461539;62;95;guitar;2;3;False;[]
16.26923076923077;0.11538461538461539;54;95;guitar;4;4;False;[]
16.384615384615387;0.11538461538461539;59;95;guitar;3;4;False;[]
16.500000000000004;0.11538461538461539;54;95;guitar;4;4;False;[]
16.615384615384617;0.11538461538461539;47;95;guitar;5;2;False;[]
16.730769230769234;0.11538461538461539;55;95;guitar;4;5;False;[]
16.84615384615385;0.11538461538461539;54;95;guitar;4;4;True;[]
16.961538461538463;0.11538461538461539;55;95;guitar;4;5;False;[]
17.07692307692308;0.11538461538461539;57;95;guitar;3;2;False;[]
17.192307692307693;0.11538461538461539;55;95;guitar;4;5;False;[]
17.30769230769231;0.11538461538461539;59;95;guitar;3;4;False;[]
17.423076923076927;0.11538461538461539;55;95;guitar;4;5;False;[]
17.53846153846154;0.11538461538461539;62;95;guitar;2;3;False;[]
17.653846153846157;0.11538461538461539;55;95;guitar;4;5;False;[]
17.769230769230774;0.11538461538461539;59;95;guitar;3;4;False;[]
17.884615384615387;0.11538461538461539;55;95;guitar;4;5;False;[]
18.000000000000004;0.11538461538461539;47;95;guitar;5;2;False;[]
18.115384615384617;0.11538461538461539;55;95;guitar;4;5;False;[]
18.230769230769234;0.11538461538461539;54;95;guitar;4;4;True;[]
18.34615384615385;0.11538461538461539;55;95;guitar;4;5;False;[]
18.461538461538463;0.11538461538461539;57;95;guitar;3;2;False;[]
18.57692307692308;0.11538461538461539;55;95;guitar;4;5;False;[]
18.692307692307693;0.11538461538461539;59;95;guitar;3;4;False;[]
18.80769230769231;0.11538461538461539;55;95;guitar;4;5;False;[]
18.923076923076927;0.11538461538461539;62;95;guitar;2;3;False;[]
19.03846153846154;0.11538461538461539;55;95;guitar;4;5;False;[]
19.153846153846157;0.11538461538461539;59;95;guitar;3;4;False;[]
19.269230769230774;0.11538461538461539;55;95;guitar;4;5;False;[]
19.384615384615387;0.11538461538461539;49;95;guitar;5;4;False;[]
19.500000000000004;0.11538461538461539;57;95;guitar;4;7;False;[]
19.615384615384617;0.11538461538461539;56;95;guitar;4;6;True;[]
19.730769230769234;0.11538461538461539;57;95;guitar;4;7;False;[]
19.84615384615385;0.11538461538461539;59;95;guitar;3;4;False;[]
19.961538461538463;0.11538461538461539;57;95;guitar;4;7;False;[]
20.07692307692308;0.11538461538461539;61;95;guitar;3;6;False;[]
20.192307692307693;0.11538461538461539;57;95;guitar;4;7;False;[]
20.30769230769231;0.11538461538461539;64;95;guitar;2;5;False;[]
20.423076923076927;0.11538461538461539;57;95;guitar;4;7;False;[]
20.53846153846154;0.11538461538461539;61;95;guitar;3;6;False;[]
20.653846153846157;0.11538461538461539;57;95;guitar;4;7;False;[]
20.769230769230774;0.11538461538461539;49;95;guitar;5;4;False;[]
20.884615384615387;0.11538461538461539;57;95;guitar;4;7;False;[]
21.000000000000004;0.11538461538461539;56;95;guitar;4;6;True;[]
21.115384615384617;0.11538461538461539;57;95;guitar;4;7;False;[]
21.230769230769234;0.11538461538461539;59;95;guitar;3;4;False;[]
21.34615384615385;0.11538461538461539;57;95;guitar;4;7;False;[]
21.461538461538463;0.11538461538461539;61;95;guitar;3;6;False;[]
21.57692307692308;0.11538461538461539;57;95;guitar;4;7;False;[]
21.692307692307693;0.11538461538461539;64;95;guitar;2;5;False;[]
21.80769230769231;0.11538461538461539;57;95;guitar;4;7;False;[]
21.923076923076927;0.11538461538461539;61;95;guitar;3;6;False;[]
22.03846153846154;0.11538461538461539;57;95;guitar;4;7;False;[]
22.153846153846157;0.11538461538461539;50;95;guitar;5;5;False;[]
22.269230769230774;0.11538461538461539;57;95;guitar;4;7;False;[]
22.384615384615387;0.11538461538461539;56;95;guitar;4;6;True;[]
22.500000000000004;0.11538461538461539;57;95;guitar;4;7;False;[]
22.615384615384617;0.11538461538461539;66;95;guitar;2;7;False;[]
22.730769230769234;0.11538461538461539;57;95;guitar;4;7;False;[]
22.84615384615385;0.11538461538461539;49;95;guitar;5;4;False;[]
22.961538461538463;0.11538461538461539;55;95;guitar;4;5;False;[]
23.07692307692308;0.11538461538461539;54;95;guitar;4;4;True;[]
23.192307692307697;0.11538461538461539;55;95;guitar;4;5;False;[]
23.30769230769231;0.11538461538461539;64;95;guitar;2;5;False;[]
23.423076923076927;0.11538461538461539;55;95;guitar;4;5;False;[]
23.53846153846154;0.11538461538461539;47;95;guitar;5;2;False;[]
23.653846153846157;0.11538461538461539;54;95;guitar;4;4;False;[]
23.769230769230774;0.11538461538461539;53;95;guitar;4;3;True;[]
23.884615384615387;0.11538461538461539;54;95;guitar;4;4;False;[]
24.000000000000004;0.11538461538461539;62;95;guitar;2;3;False;[]
24.115384615384617;0.11538461538461539;54;95;guitar;4;4;False;[]
24.230769230769234;0.11538461538461539;40;95;guitar;6;0;False;[]
24.34615384615385;0.11538461538461539;52;95;guitar;4;2;False;[]
24.461538461538463;0.11538461538461539;51;95;guitar;4;1;True;[]
24.57692307692308;0.11538461538461539;52;95;guitar;4;2;False;[]
24.692307692307697;0.11538461538461539;61;95;guitar;2;2;False;[]
24.80769230769231;0.11538461538461539;52;95;guitar;4;2;False;[]
24.923076923076927;0.11538461538461539;41;95;guitar;6;1;False;[]
25.03846153846154;0.11538461538461539;53;95;guitar;4;3;False;[]
25.153846153846157;0.11538461538461539;52;95;guitar;4;2;True;[]
25.269230769230774;0.11538461538461539;53;95;guitar;4;3;False;[]
25.384615384615387;0.11538461538461539;59;95;guitar;2;0;False;[]
25.500000000000004;0.11538461538461539;53;95;guitar;4;3;False;[]
25.615384615384617;0.11538461538461539;42;95;guitar;6;2;False;[]
25.730769230769234;0.11538461538461539;49;95;guitar;5;4;False;[]
25.84615384615385;0.11538461538461539;48;95;guitar;5;3;True;[]
25.961538461538463;0.11538461538461539;49;95;guitar;5;4;False;[]
26.07692307692308;0.11538461538461539;59;95;guitar;2;0;False;[]
26.192307692307697;0.11538461538461539;58;95;guitar;3;3;False;[]
26.30769230769231;0.11538461538461539;59;95;guitar;2;0;False;[]
26.423076923076927;0.11538461538461539;54;95;guitar;4;4;False;[]
26.53846153846154;0.11538461538461539;50;95;guitar;5;5;False;[]
26.653846153846157;0.11538461538461539;47;95;guitar;6;7;False;[]
26.769230769230774;0.11538461538461539;46;95;guitar;6;6;True;[]
26.884615384615387;0.11538461538461539;47;95;guitar;6;7;False;[]
27.000000000000004;0.11538461538461539;50;95;guitar;5;5;False;[]
27.11538461538462;0.11538461538461539;54;95;guitar;4;4;False;[]
27.230769230769234;0.11538461538461539;59;95;guitar;2;0;True;[]
27.34615384615385;0.11538461538461539;61;95;guitar;2;2;False;[]
27.461538461538463;0.11538461538461539;62;95;guitar;2;3;True;[]
27.57692307692308;0.11538461538461539;64;95;guitar;2;5;False;[]
27.692307692307697;0.11538461538461539;66;95;guitar;1;2;False;[]
27.80769230769231;0.11538461538461539;62;95;guitar;2;3;False;[]
27.923076923076927;0.11538461538461539;59;95;guitar;3;4;False;[]
28.03846153846154;0.11538461538461539;54;95;guitar;4;4;False;[]
28.153846153846157;0.11538461538461539;66;95;guitar;1;2;False;[]
28.269230769230774;0.11538461538461539;62;95;guitar;2;3;False;[]
28.384615384615387;0.11538461538461539;64;95;guitar;1;0;False;[]
28.500000000000004;0.11538461538461539;61;95;guitar;2;2;False;[]
28.61538461538462;0.11538461538461539;58;95;guitar;3;3;False;[]
28.730769230769234;0.11538461538461539;54;95;guitar;4;4;False;[]
28.84615384615385;0.11538461538461539;64;95;guitar;1;0;False;[]
28.961538461538463;0.11538461538461539;61;95;guitar;2;2;False;[]
29.07692307692308;0.11538461538461539;62;95;guitar;2;3;False;[]
29.192307692307697;0.11538461538461539;59;95;guitar;3;4;False;[]
29.30769230769231;0.11538461538461539;55;95;guitar;4;5;False;[]
29.423076923076927;0.11538461538461539;40;95;guitar;6;0;True;[]
29.53846153846154;0.11538461538461539;42;95;guitar;6;2;True;[]
29.653846153846157;0.11538461538461539;43;95;guitar;6;3;False;[]
29.769230769230774;0.11538461538461539;45;95;guitar;5;0;True;[]
29.884615384615387;0.11538461538461539;47;95;guitar;5;2;True;[]
30.000000000000004;0.11538461538461539;49;95;guitar;5;4;False;[]
30.11538461538462;0.11538461538461539;50;95;guitar;4;0;True;[]
30.230769230769234;0.11538461538461539;52;95;guitar;4;2;True;[]
30.34615384615385;0.11538461538461539;53;95;guitar;4;3;False;[]
30.461538461538463;0.11538461538461539;54;95;guitar;4;4;False;[]
30.57692307692308;0.11538461538461539;59;95;guitar;3;4;False;[]
30.692307692307697;0.11538461538461539;62;95;guitar;2;3;False;[]
30.80769230769231;0.11538461538461539;64;95;guitar;1;0;False;[]
30.923076923076927;0.11538461538461539;66;95;guitar;1;2;True;[]
31.03846153846154;0.11538461538461539;69;95;guitar;1;5;False;[]
31.153846153846157;0.11538461538461539;67;95;guitar;1;3;True;[]
31.269230769230774;0.11538461538461539;66;95;guitar;1;2;False;[]
31.384615384615387;0.11538461538461539;64;95;guitar;1;0;False;[]
31.500000000000004;0.11538461538461539;62;95;guitar;2;3;False;[]
31.61538461538462;0.11538461538461539;61;95;guitar;2;2;True;[]
31.730769230769234;0.11538461538461539;59;95;guitar;2;0;False;[]
31.846153846153847;0.11538461538461539;57;95;guitar;4;7;False;[]
31.961538461538467;0.11538461538461539;61;95;guitar;3;6;False;[]
32.07692307692308;0.11538461538461539;59;95;guitar;2;0;False;[]
32.19230769230769;0.11538461538461539;64;95;guitar;1;0;False;[]
32.307692307692314;0.11538461538461539;55;95;guitar;4;5;False;[]
32.42307692307693;0.11538461538461539;61;95;guitar;3;6;False;[]
32.53846153846154;0.11538461538461539;52;95;guitar;5;7;False;[]
32.65384615384616;0.11538461538461539;61;95;guitar;3;6;False;[]
32.769230769230774;0.11538461538461539;59;95;guitar;2;0;False;[]
32.88461538461539;0.11538461538461539;69;95;guitar;1;5;False;[]
33.0;0.11538461538461539;53;95;guitar;5;8;False;[]
33.11538461538462;0.11538461538461539;67;95;guitar;2;8;False;[]
33.23076923076923;0.11538461538461539;54;95;guitar;5;9;False;[]
33.34615384615385;0.11538461538461539;58;95;guitar;4;8;False;[]
33.46153846153847;0.11538461538461539;61;95;guitar;3;6;False;[]
33.57692307692308;0.11538461538461539;65;95;guitar;2;6;False;[]
33.69230769230769;0.11538461538461539;66;95;guitar;2;7;True;[]
33.807692307692314;0.11538461538461539;67;95;guitar;2;8;False;[]
33.92307692307693;0.11538461538461539;64;95;guitar;1;0;False;[]
34.03846153846154;0.11538461538461539;61;95;guitar;2;2;False;[]
34.15384615384616;0.11538461538461539;58;95;guitar;3;3;True;[]
34.269230769230774;0.11538461538461539;55;95;guitar;3;0;False;[]
34.38461538461539;0.11538461538461539;54;95;guitar;4;4;True;[]
34.50000000000001;0.11538461538461539;52;95;guitar;4;2;False;[]
34.61538461538462;0.11538461538461539;50;95;guitar;4;0;False;[]
34.73076923076923;0.11538461538461539;59;95;guitar;2;0;False;[]
34.84615384615385;0.11538461538461539;74;95;guitar;1;10;True;[]
34.96153846153847;0.11538461538461539;73;95;guitar;1;9;False;[]
35.07692307692308;0.11538461538461539;71;95;guitar;1;7;False;[]
35.19230769230769;0.11538461538461539;69;95;guitar;2;10;False;[]
35.307692307692314;0.11538461538461539;67;95;guitar;2;8;True;[]
35.42307692307693;0.11538461538461539;66;95;guitar;2;7;False;[]
35.53846153846154;0.11538461538461539;64;95;guitar;3;9;False;[]
35.65384615384616;0.11538461538461539;62;95;guitar;3;7;False;[]
35.769230769230774;0.11538461538461539;61;95;guitar;3;6;False;[]
35.88461538461539;0.11538461538461539;59;95;guitar;2;0;False;[]
36.00000000000001;0.11538461538461539;49;95;guitar;6;9;False;[]
36.11538461538462;0.11538461538461539;57;95;guitar;4;7;False;[]
36.23076923076923;0.11538461538461539;69;95;guitar;2;10;False;[]
36.34615384615385;0.11538461538461539;64;95;guitar;3;9;False;[]
36.46153846153847;0.11538461538461539;49;95;guitar;6;9;False;[]
36.57692307692308;0.11538461538461539;57;95;guitar;4;7;False;[]
36.69230769230769;0.11538461538461539;47;95;guitar;6;7;False;[]
36.807692307692314;0.11538461538461539;55;95;guitar;4;5;False;[]
36.92307692307693;0.11538461538461539;67;95;guitar;2;8;False;[]
37.03846153846154;0.11538461538461539;62;95;guitar;3;7;False;[]
37.15384615384616;0.11538461538461539;47;95;guitar;6;7;False;[]
37.269230769230774;0.11538461538461539;55;95;guitar;4;5;False;[]
37.38461538461539;0.11538461538461539;45;95;guitar;5;0;False;[]
37.50000000000001;0.11538461538461539;66;95;guitar;2;7;False;[]
37.61538461538462;0.11538461538461539;67;95;guitar;2;8;True;[]
37.73076923076923;0.11538461538461539;66;95;guitar;2;7;False;[]
37.84615384615385;0.11538461538461539;67;95;guitar;2;8;True;[]
37.96153846153847;0.11538461538461539;66;95;guitar;2;7;False;[]
38.07692307692308;0.11538461538461539;64;95;guitar;3;9;False;[]
38.19230769230769;0.11538461538461539;62;95;guitar;3;7;False;[]
38.307692307692314;0.11538461538461539;61;95;guitar;3;6;False;[]
38.42307692307693;0.11538461538461539;59;95;guitar;4;9;False;[]
38.53846153846154;0.11538461538461539;57;95;guitar;4;7;False;[]
38.65384615384616;0.11538461538461539;55;95;guitar;3;0;False;[]
38.769230769230774;0.11538461538461539;54;95;guitar;4;4;True;[]
38.88461538461539;0.11538461538461539;50;95;guitar;4;0;False;[]
39.00000000000001;0.11538461538461539;45;95;guitar;5;0;True;[]
39.11538461538462;0.11538461538461539;50;95;guitar;5;5;False;[]
39.23076923076923;0.11538461538461539;54;95;guitar;4;4;True;[]
39.34615384615385;0.11538461538461539;50;95;guitar;4;0;False;[]
39.46153846153847;0.11538461538461539;52;95;guitar;5;7;True;[]
39.57692307692308;0.11538461538461539;49;95;guitar;5;4;False;[]
39.69230769230769;0.11538461538461539;45;95;guitar;5;0;True;[]
39.807692307692314;0.11538461538461539;49;95;guitar;5;4;False;[]
39.92307692307693;0.11538461538461539;52;95;guitar;5;7;True;[]
40.03846153846154;0.11538461538461539;49;95;guitar;5;4;False;[]
40.15384615384616;0.11538461538461539;45;95;guitar;5;0;True;[]
40.269230769230774;0.11538461538461539;50;95;guitar;5;5;False;[]
40.38461538461539;0.11538461538461539;54;95;guitar;4;4;False;[]
40.50000000000001;0.11538461538461539;57;95;guitar;3;2;False;[]
40.61538461538462;0.11538461538461539;62;95;guitar;2;3;False;[]
40.73076923076923;0.11538461538461539;66;95;guitar;1;2;False;[]
40.84615384615385;0.46153846153846156;62;95;guitar;2;3;False;[]
41.53846153846154;0.11538461538461539;50;95;guitar;5;5;False;[]
41.65384615384616;0.11538461538461539;54;95;guitar;4;4;False;[]
41.769230769230774;0.11538461538461539;66;95;guitar;2;7;False;[]
41.88461538461539;0.11538461538461539;54;95;guitar;4;4;False;[]
42.00000000000001;0.11538461538461539;49;95;guitar;5;4;False;[]
42.11538461538462;0.11538461538461539;54;95;guitar;4;4;False;[]
42.23076923076923;0.11538461538461539;50;95;guitar;5;5;False;[]
42.34615384615385;0.11538461538461539;54;95;guitar;4;4;False;[]
42.46153846153847;0.11538461538461539;66;95;guitar;2;7;False;[]
42.57692307692308;0.11538461538461539;54;95;guitar;4;4;False;[]
42.69230769230769;0.11538461538461539;47;95;guitar;6;7;False;[]
42.807692307692314;0.11538461538461539;54;95;guitar;4;4;False;[]
42.92307692307693;0.11538461538461539;50;95;guitar;5;5;False;[]
43.03846153846154;0.11538461538461539;54;95;guitar;4;4;False;[]
43.15384615384616;0.11538461538461539;66;95;guitar;2;7;False;[]
43.269230769230774;0.11538461538461539;54;95;guitar;4;4;False;[]
43.38461538461539;0.11538461538461539;49;95;guitar;5;4;False;[]
43.50000000000001;0.11538461538461539;54;95;guitar;4;4;False;[]
43.61538461538462;0.11538461538461539;50;95;guitar;5;5;False;[]
43.73076923076923;0.11538461538461539;54;95;guitar;4;4;False;[]
43.84615384615385;0.11538461538461539;66;95;guitar;2;7;False;[]
43.96153846153847;0.11538461538461539;54;95;guitar;4;4;False;[]
44.07692307692308;0.11538461538461539;47;95;guitar;6;7;False;[]
44.19230769230769;0.11538461538461539;54;95;guitar;4;4;False;[]
44.307692307692314;0.11538461538461539;49;95;guitar;5;4;False;[]
44.42307692307693;0.11538461538461539;52;95;guitar;4;2;False;[]
44.53846153846154;0.11538461538461539;64;95;guitar;2;5;False;[]
44.65384615384616;0.11538461538461539;52;95;guitar;4;2;False;[]
44.769230769230774;0.11538461538461539;47;95;guitar;5;2;False;[]
44.88461538461539;0.11538461538461539;52;95;guitar;4;2;False;[]
45.00000000000001;0.11538461538461539;49;95;guitar;5;4;False;[]
45.11538461538462;0.11538461538461539;52;95;guitar;4;2;False;[]
45.23076923076923;0.11538461538461539;64;95;guitar;2;5;False;[]
45.346153846153854;0.11538461538461539;52;95;guitar;4;2;False;[]
45.46153846153847;0.11538461538461539;45;95;guitar;6;5;False;[]
45.57692307692308;0.11538461538461539;52;95;guitar;4;2;False;[]
45.69230769230769;0.11538461538461539;49;95;guitar;5;4;False;[]
45.807692307692314;0.11538461538461539;52;95;guitar;4;2;False;[]
45.92307692307693;0.11538461538461539;64;95;guitar;2;5;False;[]
46.03846153846154;0.11538461538461539;52;95;guitar;4;2;False;[]
46.15384615384616;0.11538461538461539;47;95;guitar;5;2;False;[]
46.269230769230774;0.11538461538461539;52;95;guitar;4;2;False;[]
46.38461538461539;0.11538461538461539;49;95;guitar;5;4;False;[]
46.50000000000001;0.11538461538461539;52;95;guitar;4;2;False;[]
46.61538461538462;0.11538461538461539;64;95;guitar;2;5;False;[]
46.73076923076923;0.11538461538461539;52;95;guitar;4;2;False;[]
46.846153846153854;0.11538461538461539;45;95;guitar;6;5;False;[]
46.96153846153847;0.11538461538461539;52;95;guitar;4;2;False;[]
47.07692307692308;0.11538461538461539;47;95;guitar;5;2;False;[]
47.19230769230769;0.11538461538461539;50;95;guitar;4;0;False;[]
47.307692307692314;0.11538461538461539;62;95;guitar;2;3;False;[]
47.42307692307693;0.11538461538461539;50;95;guitar;4;0;False;[]
47.53846153846154;0.11538461538461539;45;95;guitar;5;0;False;[]
47.65384615384616;0.11538461538461539;50;95;guitar;4;0;False;[]
47.769230769230774;0.11538461538461539;47;95;guitar;5;2;False;[]
47.88461538461539;0.11538461538461539;50;95;guitar;4;0;False;[]
48.00000000000001;0.11538461538461539;62;95;guitar;2;3;False;[]
48.11538461538462;0.11538461538461539;50;95;guitar;4;0;False;[]
48.23076923076923;0.11538461538461539;43;95;guitar;6;3;False;[]
48.346153846153854;0.11538461538461539;50;95;guitar;4;0;False;[]
48.46153846153847;0.11538461538461539;47;95;guitar;5;2;False;[]
48.57692307692308;0.11538461538461539;50;95;guitar;4;0;False;[]
48.69230769230769;0.11538461538461539;62;95;guitar;2;3;False;[]
48.807692307692314;0.11538461538461539;50;95;guitar;4;0;False;[]
48.92307692307693;0.11538461538461539;45;95;guitar;5;0;False;[]
49.03846153846154;0.11538461538461539;50;95;guitar;4;0;False;[]
49.15384615384616;0.11538461538461539;47;95;guitar;5;2;False;[]
49.269230769230774;0.11538461538461539;50;95;guitar;4;0;False;[]
49.38461538461539;0.11538461538461539;62;95;guitar;2;3;False;[]
49.50000000000001;0.11538461538461539;50;95;guitar;4;0;False;[]
49.61538461538462;0.11538461538461539;43;95;guitar;6;3;False;[]
49.73076923076923;0.11538461538461539;50;95;guitar;4;0;False;[]
49.846153846153854;0.11538461538461539;45;95;guitar;6;5;False;[]
49.96153846153847;0.11538461538461539;49;95;guitar;5;4;False;[]
50.07692307692308;0.11538461538461539;61;95;guitar;2;2;False;[]
50.19230769230769;0.11538461538461539;49;95;guitar;5;4;False;[]
50.307692307692314;0.11538461538461539;43;95;guitar;6;3;False;[]
50.42307692307693;0.11538461538461539;49;95;guitar;5;4;False;[]
50.53846153846154;0.11538461538461539;45;95;guitar;6;5;False;[]
50.65384615384616;0.11538461538461539;49;95;guitar;5;4;False;[]
50.769230769230774;0.11538461538461539;61;95;guitar;2;2;False;[]
50.88461538461539;0.11538461538461539;49;95;guitar;5;4;False;[]
51.00000000000001;0.11538461538461539;42;95;guitar;6;2;False;[]
51.11538461538462;0.11538461538461539;49;95;guitar;5;4;False;[]
51.23076923076923;0.11538461538461539;45;95;guitar;6;5;False;[]
51.346153846153854;0.11538461538461539;49;95;guitar;5;4;False;[]
51.46153846153847;0.11538461538461539;61;95;guitar;2;2;False;[]
51.57692307692308;0.11538461538461539;49;95;guitar;5;4;False;[]
51.69230769230769;0.11538461538461539;43;95;guitar;6;3;False;[]
51.807692307692314;0.11538461538461539;49;95;guitar;5;4;False;[]
51.92307692307693;0.11538461538461539;45;95;guitar;6;5;False;[]
52.03846153846154;0.11538461538461539;49;95;guitar;5;4;False;[]
52.15384615384616;0.11538461538461539;61;95;guitar;2;2;False;[]
52.269230769230774;0.11538461538461539;49;95;guitar;5;4;False;[]
52.38461538461539;0.11538461538461539;42;95;guitar;6;2;False;[]
52.50000000000001;0.11538461538461539;49;95;guitar;5;4;False;[]
52.61538461538462;0.11538461538461539;43;95;guitar;6;3;False;[]
52.73076923076923;0.11538461538461539;47;95;guitar;5;2;False;[]
52.846153846153854;0.11538461538461539;59;95;guitar;2;0;False;[]
52.96153846153847;0.11538461538461539;47;95;guitar;5;2;False;[]
53.07692307692308;0.11538461538461539;42;95;guitar;6;2;False;[]
53.19230769230769;0.11538461538461539;47;95;guitar;5;2;False;[]
53.307692307692314;0.11538461538461539;43;95;guitar;6;3;False;[]
53.42307692307693;0.11538461538461539;47;95;guitar;5;2;False;[]
53.53846153846154;0.11538461538461539;59;95;guitar;2;0;False;[]
53.65384615384616;0.11538461538461539;47;95;guitar;5;2;False;[]
53.769230769230774;0.11538461538461539;40;95;guitar;6;0;False;[]
53.88461538461539;0.11538461538461539;47;95;guitar;5;2;False;[]
54.00000000000001;0.11538461538461539;43;95;guitar;6;3;False;[]
54.11538461538462;0.11538461538461539;47;95;guitar;5;2;False;[]
54.23076923076923;0.11538461538461539;59;95;guitar;2;0;False;[]
54.346153846153854;0.11538461538461539;47;95;guitar;5;2;False;[]
54.46153846153847;0.11538461538461539;42;95;guitar;6;2;False;[]
54.57692307692308;0.11538461538461539;47;95;guitar;5;2;False;[]
54.6923076923077;0.11538461538461539;43;95;guitar;6;3;False;[]
54.807692307692314;0.11538461538461539;47;95;guitar;5;2;False;[]
54.92307692307693;0.11538461538461539;59;95;guitar;2;0;False;[]
55.03846153846154;0.11538461538461539;47;95;guitar;5;2;False;[]
55.15384615384616;0.11538461538461539;41;95;guitar;6;1;False;[]
55.269230769230774;0.11538461538461539;47;95;guitar;5;2;False;[]
55.38461538461539;0.11538461538461539;42;95;guitar;6;2;False;[]
55.50000000000001;0.11538461538461539;49;95;guitar;5;4;False;[]
55.61538461538462;0.11538461538461539;58;95;guitar;3;3;False;[]
55.73076923076923;0.11538461538461539;49;95;guitar;5;4;False;[]
55.846153846153854;0.11538461538461539;42;95;guitar;6;2;False;[]
55.96153846153847;0.11538461538461539;49;95;guitar;5;4;False;[]
56.07692307692308;0.11538461538461539;46;95;guitar;5;1;False;[]
56.1923076923077;0.11538461538461539;52;95;guitar;4;2;False;[]
56.307692307692314;0.11538461538461539;61;95;guitar;2;2;False;[]
56.42307692307693;0.11538461538461539;52;95;guitar;4;2;False;[]
56.53846153846154;0.11538461538461539;46;95;guitar;5;1;False;[]
56.65384615384616;0.11538461538461539;52;95;guitar;4;2;False;[]
56.769230769230774;0.11538461538461539;49;95;guitar;5;4;False;[]
56.88461538461539;0.11538461538461539;55;95;guitar;4;5;False;[]
57.00000000000001;0.11538461538461539;64;95;guitar;2;5;False;[]
57.11538461538462;0.11538461538461539;55;95;guitar;4;5;False;[]
57.23076923076923;0.11538461538461539;49;95;guitar;5;4;False;[]
57.346153846153854;0.11538461538461539;55;95;guitar;4;5;False;[]
57.46153846153847;0.11538461538461539;53;95;guitar;4;3;False;[]
57.57692307692308;0.11538461538461539;59;95;guitar;3;4;False;[]
57.6923076923077;0.11538461538461539;67;95;guitar;1;3;False;[]
57.807692307692314;0.11538461538461539;59;95;guitar;3;4;False;[]
57.92307692307693;0.11538461538461539;53;95;guitar;4;3;False;[]
58.03846153846154;0.11538461538461539;59;95;guitar;3;4;False;[]
58.15384615384616;0.11538461538461539;54;95;guitar;4;4;False;[]
58.269230769230774;0.11538461538461539;58;95;guitar;3;3;False;[]
58.38461538461539;0.11538461538461539;66;95;guitar;1;2;False;[]
58.50000000000001;0.11538461538461539;58;95;guitar;3;3;False;[]
58.61538461538462;0.11538461538461539;42;95;guitar;6;2;False;[]
58.73076923076923;0.11538461538461539;58;95;guitar;3;3;False;[]
58.846153846153854;0.11538461538461539;52;95;guitar;4;2;False;[]
58.96153846153847;0.11538461538461539;58;95;guitar;3;3;False;[]
59.07692307692308;0.11538461538461539;66;95;guitar;1;2;False;[]
59.1923076923077;0.11538461538461539;58;95;guitar;3;3;False;[]
59.307692307692314;0.11538461538461539;42;95;guitar;6;2;False;[]
59.42307692307693;0.11538461538461539;58;95;guitar;3;3;False;[]
59.53846153846154;0.11538461538461539;50;95;guitar;5;5;False;[]
59.65384615384616;0.11538461538461539;58;95;guitar;3;3;False;[]
59.769230769230774;0.11538461538461539;66;95;guitar;1;2;False;[]
59.88461538461539;0.11538461538461539;58;95;guitar;3;3;False;[]
60.00000000000001;0.11538461538461539;42;95;guitar;6;2;False;[]
60.11538461538462;0.11538461538461539;58;95;guitar;3;3;False;[]
60.23076923076923;0.11538461538461539;49;95;guitar;5;4;False;[]
60.346153846153854;0.11538461538461539;58;95;guitar;3;3;False;[]
60.46153846153847;0.11538461538461539;66;95;guitar;1;2;False;[]
60.57692307692308;0.11538461538461539;58;95;guitar;3;3;False;[]
60.6923076923077;0.11538461538461539;42;95;guitar;6;2;False;[]
60.807692307692314;0.11538461538461539;58;95;guitar;3;3;False;[]
60.92307692307693;0.11538461538461539;47;95;guitar;5;2;False;[]
61.03846153846154;0.11538461538461539;54;95;guitar;4;4;False;[]
61.15384615384616;0.11538461538461539;53;95;guitar;4;3;True;[]
61.269230769230774;0.11538461538461539;54;95;guitar;4;4;False;[]
61.38461538461539;0.11538461538461539;55;95;guitar;3;0;False;[]
61.50000000000001;0.11538461538461539;54;95;guitar;4;4;False;[]
61.61538461538462;0.11538461538461539;59;95;guitar;3;4;False;[]
61.73076923076923;0.11538461538461539;54;95;guitar;4;4;False;[]
61.846153846153854;0.11538461538461539;62;95;guitar;2;3;False;[]
61.96153846153847;0.11538461538461539;54;95;guitar;4;4;False;[]
62.07692307692308;0.11538461538461539;59;95;guitar;3;4;False;[]
62.1923076923077;0.11538461538461539;54;95;guitar;4;4;False;[]
62.307692307692314;0.11538461538461539;47;95;guitar;5;2;False;[]
62.42307692307693;0.11538461538461539;54;95;guitar;4;4;False;[]
62.53846153846154;0.11538461538461539;53;95;guitar;4;3;True;[]
62.65384615384616;0.11538461538461539;54;95;guitar;4;4;False;[]
62.769230769230774;0.11538461538461539;55;95;guitar;3;0;False;[]
62.88461538461539;0.11538461538461539;54;95;guitar;4;4;False;[]
63.00000000000001;0.11538461538461539;59;95;guitar;3;4;False;[]
63.11538461538462;0.11538461538461539;54;95;guitar;4;4;False;[]
63.23076923076923;0.11538461538461539;62;95;guitar;2;3;False;[]
63.346153846153854;0.11538461538461539;54;95;guitar;4;4;False;[]
63.46153846153847;0.11538461538461539;59;95;guitar;3;4;False;[]
63.57692307692309;0.11538461538461539;54;95;guitar;4;4;False;[]
63.6923076923077;0.11538461538461539;47;95;guitar;5;2;False;[]
63.807692307692314;0.11538461538461539;55;95;guitar;4;5;False;[]
63.92307692307693;0.11538461538461539;54;95;guitar;4;4;True;[]
64.03846153846153;0.11538461538461539;55;95;guitar;4;5;False;[]
64.15384615384615;0.11538461538461539;57;95;guitar;3;2;False;[]
64.26923076923077;0.11538461538461539;55;95;guitar;4;5;False;[]
64.38461538461539;0.11538461538461539;59;95;guitar;3;4;False;[]
64.5;0.11538461538461539;55;95;guitar;4;5;False;[]
64.61538461538461;0.11538461538461539;62;95;guitar;2;3;False;[]
64.73076923076923;0.11538461538461539;55;95;guitar;4;5;False;[]
64.84615384615384;0.11538461538461539;59;95;guitar;3;4;False;[]
64.96153846153845;0.11538461538461539;55;95;guitar;4;5;False;[]
65.07692307692308;0.11538461538461539;47;95;guitar;5;2;False;[]
65.1923076923077;0.11538461538461539;55;95;guitar;4;5;False;[]
65.3076923076923;0.11538461538461539;54;95;guitar;4;4;True;[]
65.42307692307692;0.11538461538461539;55;95;guitar;4;5;False;[]
65.53846153846153;0.11538461538461539;57;95;guitar;3;2;False;[]
65.65384615384615;0.11538461538461539;55;95;guitar;4;5;False;[]
65.76923076923077;0.11538461538461539;59;95;guitar;3;4;False;[]
65.88461538461539;0.11538461538461539;55;95;guitar;4;5;False;[]
66.0;0.11538461538461539;62;95;guitar;2;3;False;[]
66.11538461538461;0.11538461538461539;55;95;guitar;4;5;False;[]
66.23076923076923;0.11538461538461539;59;95;guitar;3;4;False;[]
66.34615384615384;0.11538461538461539;55;95;guitar;4;5;False;[]
66.46153846153845;0.11538461538461539;49;95;guitar;5;4;False;[]
66.57692307692308;0.11538461538461539;57;95;guitar;4;7;False;[]
66.6923076923077;0.11538461538461539;56;95;guitar;4;6;True;[]
66.8076923076923;0.11538461538461539;57;95;guitar;4;7;False;[]
66.92307692307692;0.11538461538461539;59;95;guitar;3;4;False;[]
67.03846153846153;0.11538461538461539;57;95;guitar;4;7;False;[]
67.15384615384615;0.11538461538461539;61;95;guitar;3;6;False;[]
67.26923076923077;0.11538461538461539;57;95;guitar;4;7;False;[]
67.38461538461539;0.11538461538461539;64;95;guitar;2;5;False;[]
67.5;0.11538461538461539;57;95;guitar;4;7;False;[]
67.61538461538461;0.11538461538461539;61;95;guitar;3;6;False;[]
67.73076923076923;0.11538461538461539;57;95;guitar;4;7;False;[]
67.84615384615384;0.11538461538461539;49;95;guitar;5;4;False;[]
67.96153846153845;0.11538461538461539;57;95;guitar;4;7;False;[]
68.07692307692308;0.11538461538461539;56;95;guitar;4;6;True;[]
68.1923076923077;0.11538461538461539;57;95;guitar;4;7;False;[]
68.3076923076923;0.11538461538461539;59;95;guitar;3;4;False;[]
68.42307692307692;0.11538461538461539;57;95;guitar;4;7;False;[]
68.53846153846153;0.11538461538461539;61;95;guitar;3;6;False;[]
68.65384615384615;0.11538461538461539;57;95;guitar;4;7;False;[]
68.76923076923077;0.11538461538461539;64;95;guitar;2;5;False;[]
68.88461538461539;0.11538461538461539;57;95;guitar;4;7;False;[]
69.0;0.11538461538461539;61;95;guitar;3;6;False;[]
69.11538461538461;0.11538461538461539;57;95;guitar;4;7;False;[]
69.23076923076923;0.11538461538461539;50;95;guitar;5;5;False;[]
69.34615384615384;0.11538461538461539;57;95;guitar;4;7;False;[]
69.46153846153847;0.11538461538461539;56;95;guitar;4;6;True;[]
69.57692307692308;0.11538461538461539;57;95;guitar;4;7;False;[]
69.6923076923077;0.11538461538461539;66;95;guitar;2;7;False;[]
69.8076923076923;0.11538461538461539;57;95;guitar;4;7;False;[]
69.92307692307692;0.11538461538461539;49;95;guitar;5;4;False;[]
70.03846153846153;0.11538461538461539;55;95;guitar;4;5;False;[]
70.15384615384615;0.11538461538461539;54;95;guitar;4;4;True;[]
70.26923076923077;0.11538461538461539;55;95;guitar;4;5;False;[]
70.38461538461539;0.11538461538461539;64;95;guitar;2;5;False;[]
70.5;0.11538461538461539;55;95;guitar;4;5;False;[]
70.61538461538461;0.11538461538461539;47;95;guitar;5;2;False;[]
70.73076923076923;0.11538461538461539;54;95;guitar;4;4;False;[]
70.84615384615384;0.11538461538461539;53;95;guitar;4;3;True;[]
70.96153846153847;0.11538461538461539;54;95;guitar;4;4;False;[]
71.07692307692308;0.11538461538461539;62;95;guitar;2;3;False;[]
71.1923076923077;0.11538461538461539;54;95;guitar;4;4;False;[]
71.3076923076923;0.11538461538461539;40;95;guitar;6;0;False;[]
71.42307692307692;0.11538461538461539;52;95;guitar;4;2;False;[]
71.53846153846153;0.11538461538461539;51;95;guitar;4;1;True;[]
71.65384615384615;0.11538461538461539;52;95;guitar;4;2;False;[]
71.76923076923077;0.11538461538461539;61;95;guitar;2;2;False;[]
71.88461538461539;0.11538461538461539;52;95;guitar;4;2;False;[]
72.0;0.11538461538461539;41;95;guitar;6;1;False;[]
72.11538461538461;0.11538461538461539;53;95;guitar;4;3;False;[]
72.23076923076923;0.11538461538461539;52;95;guitar;4;2;True;[]
72.34615384615384;0.11538461538461539;53;95;guitar;4;3;False;[]
72.46153846153847;0.11538461538461539;59;95;guitar;2;0;False;[]
72.57692307692308;0.11538461538461539;53;95;guitar;4;3;False;[]
72.6923076923077;0.11538461538461539;42;95;guitar;6;2;False;[]
72.8076923076923;0.11538461538461539;49;95;guitar;5;4;False;[]
72.92307692307692;0.11538461538461539;48;95;guitar;5;3;True;[]
73.03846153846153;0.11538461538461539;49;95;guitar;5;4;False;[]
73.15384615384615;0.11538461538461539;59;95;guitar;2;0;False;[]
73.26923076923077;0.11538461538461539;58;95;guitar;3;3;False;[]
73.38461538461539;0.11538461538461539;59;95;guitar;2;0;False;[]
73.5;0.11538461538461539;54;95;guitar;4;4;False;[]
73.61538461538461;0.11538461538461539;50;95;guitar;5;5;False;[]
73.73076923076923;0.11538461538461539;47;95;guitar;6;7;False;[]
73.84615384615384;0.11538461538461539;46;95;guitar;6;6;True;[]
73.96153846153847;0.11538461538461539;47;95;guitar;6;7;False;[]
74.07692307692308;0.11538461538461539;50;95;guitar;5;5;False;[]
74.1923076923077;0.11538461538461539;54;95;guitar;4;4;False;[]
74.3076923076923;0.11538461538461539;59;95;guitar;2;0;True;[]
74.42307692307692;0.11538461538461539;61;95;guitar;2;2;False;[]
74.53846153846153;0.11538461538461539;62;95;guitar;2;3;True;[]
74.65384615384615;0.11538461538461539;64;95;guitar;2;5;False;[]
74.76923076923077;0.11538461538461539;66;95;guitar;1;2;False;[]
74.88461538461539;0.11538461538461539;62;95;guitar;2;3;False;[]
75.0;0.11538461538461539;59;95;guitar;3;4;False;[]
75.11538461538461;0.11538461538461539;54;95;guitar;4;4;False;[]
75.23076923076923;0.11538461538461539;66;95;guitar;1;2;False;[]
75.34615384615384;0.11538461538461539;62;95;guitar;2;3;False;[]
75.46153846153847;0.11538461538461539;64;95;guitar;1;0;False;[]
75.57692307692308;0.11538461538461539;61;95;guitar;2;2;False;[]
75.6923076923077;0.11538461538461539;58;95;guitar;3;3;False;[]
75.8076923076923;0.11538461538461539;54;95;guitar;4;4;False;[]
75.92307692307692;0.11538461538461539;64;95;guitar;1;0;False;[]
76.03846153846153;0.11538461538461539;61;95;guitar;2;2;False;[]
76.15384615384615;0.11538461538461539;62;95;guitar;2;3;False;[]
76.26923076923077;0.11538461538461539;59;95;guitar;3;4;False;[]
76.38461538461539;0.11538461538461539;55;95;guitar;4;5;False;[]
76.5;0.11538461538461539;40;95;guitar;6;0;True;[]
76.61538461538461;0.11538461538461539;42;95;guitar;6;2;True;[]
76.73076923076923;0.11538461538461539;43;95;guitar;6;3;False;[]
76.84615384615384;0.11538461538461539;45;95;guitar;5;0;True;[]
76.96153846153847;0.11538461538461539;47;95;guitar;5;2;True;[]
77.07692307692308;0.11538461538461539;49;95;guitar;5;4;False;[]
77.1923076923077;0.11538461538461539;50;95;guitar;4;0;True;[]
77.3076923076923;0.11538461538461539;52;95;guitar;4;2;True;[]
77.42307692307692;0.11538461538461539;53;95;guitar;4;3;False;[]
77.53846153846153;0.11538461538461539;54;95;guitar;4;4;False;[]
77.65384615384615;0.11538461538461539;59;95;guitar;3;4;False;[]
77.76923076923077;0.11538461538461539;62;95;guitar;2;3;False;[]
77.88461538461539;0.11538461538461539;64;95;guitar;1;0;False;[]
78.0;0.11538461538461539;66;95;guitar;1;2;True;[]
78.11538461538461;0.11538461538461539;69;95;guitar;1;5;False;[]
78.23076923076923;0.11538461538461539;67;95;guitar;1;3;True;[]
78.34615384615384;0.11538461538461539;66;95;guitar;1;2;False;[]
78.46153846153847;0.11538461538461539;64;95;guitar;1;0;False;[]
78.57692307692308;0.11538461538461539;62;95;guitar;2;3;False;[]
78.6923076923077;0.11538461538461539;61;95;guitar;2;2;True;[]
78.8076923076923;0.11538461538461539;59;95;guitar;2;0;False;[]
78.92307692307692;0.11538461538461539;57;95;guitar;4;7;False;[]
79.03846153846153;0.11538461538461539;61;95;guitar;3;6;False;[]
79.15384615384615;0.11538461538461539;59;95;guitar;2;0;False;[]
79.26923076923077;0.11538461538461539;64;95;guitar;1;0;False;[]
79.38461538461539;0.11538461538461539;55;95;guitar;4;5;False;[]
79.5;0.11538461538461539;61;95;guitar;3;6;False;[]
79.61538461538461;0.11538461538461539;52;95;guitar;5;7;False;[]
79.73076923076923;0.11538461538461539;61;95;guitar;3;6;False;[]
79.84615384615384;0.11538461538461539;59;95;guitar;2;0;False;[]
79.96153846153847;0.11538461538461539;69;95;guitar;1;5;False;[]
80.07692307692308;0.11538461538461539;53;95;guitar;5;8;False;[]
80.1923076923077;0.11538461538461539;67;95;guitar;2;8;False;[]
80.3076923076923;0.11538461538461539;54;95;guitar;5;9;False;[]
80.42307692307692;0.11538461538461539;58;95;guitar;4;8;False;[]
80.53846153846153;0.11538461538461539;61;95;guitar;3;6;False;[]
80.65384615384615;0.11538461538461539;65;95;guitar;2;6;False;[]
80.76923076923077;0.11538461538461539;66;95;guitar;2;7;True;[]
80.88461538461539;0.11538461538461539;67;95;guitar;2;8;False;[]
81.0;0.11538461538461539;64;95;guitar;1;0;False;[]
81.11538461538461;0.11538461538461539;61;95;guitar;2;2;False;[]
81.23076923076923;0.11538461538461539;58;95;guitar;3;3;True;[]
81.34615384615384;0.11538461538461539;55;95;guitar;3;0;False;[]
81.46153846153847;0.11538461538461539;54;95;guitar;4;4;True;[]
81.57692307692308;0.11538461538461539;52;95;guitar;4;2;False;[]
81.6923076923077;0.11538461538461539;50;95;guitar;4;0;False;[]
81.8076923076923;0.11538461538461539;59;95;guitar;2;0;False;[]
81.92307692307692;0.11538461538461539;74;95;guitar;1;10;True;[]
82.03846153846153;0.11538461538461539;73;95;guitar;1;9;False;[]
82.15384615384615;0.11538461538461539;71;95;guitar;1;7;False;[]
82.26923076923077;0.11538461538461539;69;95;guitar;2;10;False;[]
82.38461538461539;0.11538461538461539;67;95;guitar;2;8;True;[]
82.5;0.11538461538461539;66;95;guitar;2;7;False;[]
82.61538461538461;0.11538461538461539;64;95;guitar;3;9;False;[]
82.73076923076923;0.11538461538461539;62;95;guitar;3;7;False;[]
82.84615384615384;0.11538461538461539;61;95;guitar;3;6;False;[]
82.96153846153847;0.11538461538461539;59;95;guitar;2;0;False;[]
83.07692307692308;0.11538461538461539;40;95;guitar;6;0;False;[]
83.1923076923077;0.11538461538461539;52;95;guitar;5;7;False;[]
83.3076923076923;0.11538461538461539;62;95;guitar;3;7;True;[]
83.42307692307692;0.11538461538461539;61;95;guitar;3;6;False;[]
83.53846153846153;0.11538461538461539;61;95;guitar;3;6;False;[]
83.65384615384615;0.11538461538461539;55;95;guitar;4;5;False;[]
83.76923076923077;0.11538461538461539;42;95;guitar;6;2;False;[]
83.88461538461539;0.11538461538461539;49;95;guitar;5;4;False;[]
84.0;0.11538461538461539;59;95;guitar;3;4;True;[]
84.11538461538461;0.11538461538461539;58;95;guitar;3;3;False;[]
84.23076923076923;0.11538461538461539;58;95;guitar;3;3;False;[]
84.34615384615384;0.11538461538461539;52;95;guitar;4;2;False;[]
84.46153846153847;0.11538461538461539;59;95;guitar;2;0;False;[]
84.57692307692308;0.11538461538461539;54;95;guitar;4;4;False;[]
84.6923076923077;0.11538461538461539;50;95;guitar;5;5;False;[]
84.8076923076923;0.11538461538461539;47;95;guitar;6;7;False;[]
84.92307692307692;0.11538461538461539;50;95;guitar;5;5;False;[]
85.03846153846153;0.11538461538461539;54;95;guitar;4;4;False;[]
85.15384615384615;0.46153846153846156;59;95;guitar;2;0;False;[]
85.84615384615384;0.11538461538461539;70;95;guitar;1;6;False;[<SlideType.shiftSlideTo: 1>]
85.96153846153847;0.11538461538461539;71;95;guitar;1;7;False;[]
86.07692307692308;0.11538461538461539;73;95;guitar;1;9;True;[]
86.1923076923077;0.11538461538461539;71;95;guitar;1;7;False;[]
86.3076923076923;0.11538461538461539;74;95;guitar;1;10;True;[]
86.42307692307692;0.11538461538461539;71;95;guitar;1;7;False;[]
86.53846153846153;0.11538461538461539;67;95;guitar;2;8;True;[]
86.65384615384615;0.11538461538461539;65;95;guitar;2;6;False;[]
86.76923076923077;0.11538461538461539;62;95;guitar;3;7;False;[]
86.88461538461539;0.11538461538461539;59;95;guitar;2;0;False;[]
87.0;0.11538461538461539;58;95;guitar;4;8;False;[]
87.11538461538461;0.11538461538461539;59;95;guitar;2;0;False;[]
87.23076923076923;0.11538461538461539;61;95;guitar;2;2;True;[]
87.34615384615384;0.11538461538461539;59;95;guitar;2;0;False;[]
87.46153846153847;0.11538461538461539;62;95;guitar;2;3;True;[]
87.57692307692308;0.11538461538461539;61;95;guitar;2;2;False;[]
87.6923076923077;0.11538461538461539;59;95;guitar;3;4;True;[]
87.8076923076923;0.11538461538461539;57;95;guitar;3;2;False;[]
87.92307692307692;0.11538461538461539;55;95;guitar;3;0;False;[]
88.03846153846153;0.11538461538461539;53;95;guitar;4;3;False;[]
88.15384615384615;0.11538461538461539;50;95;guitar;5;5;True;[]
88.26923076923077;0.11538461538461539;47;95;guitar;5;2;False;[]
88.38461538461539;0.11538461538461539;55;95;guitar;3;0;False;[]
88.5;0.11538461538461539;54;95;guitar;4;4;False;[]
88.61538461538461;0.11538461538461539;55;95;guitar;3;0;False;[]
88.73076923076923;0.11538461538461539;53;95;guitar;4;3;False;[]
88.84615384615384;0.11538461538461539;50;95;guitar;5;5;True;[]
88.96153846153847;0.11538461538461539;47;95;guitar;5;2;False;[]
89.07692307692308;0.11538461538461539;55;95;guitar;3;0;False;[]
89.1923076923077;0.11538461538461539;54;95;guitar;4;4;False;[]
89.3076923076923;0.11538461538461539;53;95;guitar;4;3;True;[]
89.42307692307692;0.11538461538461539;54;95;guitar;4;4;False;[]
89.53846153846153;0.11538461538461539;59;95;guitar;3;4;False;[]
89.65384615384616;0.11538461538461539;62;95;guitar;2;3;False;[]
89.76923076923077;0.11538461538461539;66;95;guitar;1;2;True;[]
89.88461538461539;0.11538461538461539;64;95;guitar;1;0;False;[]
90.0;0.11538461538461539;67;95;guitar;1;3;True;[]
90.11538461538461;0.11538461538461539;66;95;guitar;1;2;False;[]
90.23076923076923;0.11538461538461539;64;95;guitar;1;0;False;[]
90.34615384615384;0.11538461538461539;62;95;guitar;2;3;False;[]
90.46153846153847;0.11538461538461539;61;95;guitar;2;2;True;[]
90.57692307692308;0.11538461538461539;59;95;guitar;2;0;False;[]
90.6923076923077;0.11538461538461539;58;95;guitar;4;8;False;[]
90.8076923076923;0.11538461538461539;61;95;guitar;3;6;False;[]
90.92307692307692;0.11538461538461539;65;95;guitar;2;6;True;[]
91.03846153846153;0.11538461538461539;66;95;guitar;2;7;False;[]
91.15384615384616;0.11538461538461539;70;95;guitar;1;6;True;[]
91.26923076923077;0.11538461538461539;73;95;guitar;1;9;False;[]
91.38461538461539;0.11538461538461539;74;95;guitar;1;10;True;[]
91.5;0.11538461538461539;73;95;guitar;1;9;False;[]
91.61538461538461;0.11538461538461539;71;95;guitar;1;7;False;[]
91.73076923076923;0.11538461538461539;66;95;guitar;2;7;False;[]
91.84615384615384;0.11538461538461539;64;95;guitar;3;9;True;[]
91.96153846153847;0.11538461538461539;62;95;guitar;3;7;False;[]
92.07692307692308;0.11538461538461539;49;95;guitar;5;4;False;[]
92.1923076923077;0.11538461538461539;56;95;guitar;4;6;False;[]
92.3076923076923;0.11538461538461539;59;95;guitar;3;4;False;[]
92.42307692307692;0.11538461538461539;65;95;guitar;2;6;False;[]
92.53846153846153;0.11538461538461539;68;95;guitar;1;4;True;[]
92.65384615384616;0.11538461538461539;71;95;guitar;1;7;False;[]
92.76923076923077;0.11538461538461539;70;95;guitar;1;6;True;[]
92.88461538461539;0.11538461538461539;71;95;guitar;1;7;False;[]
93.0;0.11538461538461539;70;95;guitar;1;6;False;[]
93.11538461538461;0.11538461538461539;68;95;guitar;2;9;False;[]
93.23076923076923;0.11538461538461539;66;95;guitar;2;7;True;[]
93.34615384615384;0.11538461538461539;68;95;guitar;2;9;False;[]
93.46153846153847;0.11538461538461539;70;95;guitar;1;6;False;[<SlideType.shiftSlideTo: 1>]
93.57692307692308;0.11538461538461539;71;95;guitar;1;7;False;[]
93.6923076923077;0.11538461538461539;73;95;guitar;1;9;True;[]
93.8076923076923;0.11538461538461539;71;95;guitar;1;7;False;[]
93.92307692307692;0.11538461538461539;74;95;guitar;1;10;True;[]
94.03846153846153;0.11538461538461539;71;95;guitar;1;7;False;[]
94.15384615384616;0.11538461538461539;67;95;guitar;2;8;True;[]
94.26923076923077;0.11538461538461539;65;95;guitar;2;6;False;[]
94.38461538461539;0.11538461538461539;62;95;guitar;3;7;False;[]
94.5;0.11538461538461539;59;95;guitar;2;0;False;[]
94.61538461538461;0.11538461538461539;58;95;guitar;4;8;False;[]
94.73076923076923;0.11538461538461539;59;95;guitar;2;0;False;[]
94.84615384615384;0.11538461538461539;61;95;guitar;2;2;True;[]
94.96153846153847;0.11538461538461539;59;95;guitar;2;0;False;[]
95.07692307692308;0.11538461538461539;62;95;guitar;2;3;True;[]
95.1923076923077;0.11538461538461539;61;95;guitar;2;2;False;[]
95.3076923076923;0.11538461538461539;59;95;guitar;3;4;True;[]
95.42307692307692;0.11538461538461539;57;95;guitar;3;2;False;[]
95.53846153846153;0.11538461538461539;55;95;guitar;3;0;False;[]
95.65384615384616;0.11538461538461539;53;95;guitar;4;3;False;[]
95.76923076923077;0.11538461538461539;50;95;guitar;5;5;True;[]
95.88461538461539;0.11538461538461539;47;95;guitar;5;2;False;[]
96.0;0.11538461538461539;55;95;guitar;3;0;False;[]
96.11538461538461;0.11538461538461539;54;95;guitar;4;4;False;[]
96.23076923076923;0.11538461538461539;55;95;guitar;3;0;False;[]
96.34615384615384;0.11538461538461539;53;95;guitar;4;3;False;[]
96.46153846153847;0.11538461538461539;50;95;guitar;5;5;True;[]
96.57692307692308;0.11538461538461539;47;95;guitar;5;2;False;[]
96.6923076923077;0.11538461538461539;55;95;guitar;3;0;False;[]
96.8076923076923;0.11538461538461539;54;95;guitar;4;4;False;[]
96.92307692307692;0.11538461538461539;53;95;guitar;4;3;True;[]
97.03846153846153;0.11538461538461539;54;95;guitar;4;4;False;[]
97.15384615384616;0.11538461538461539;59;95;guitar;3;4;False;[]
97.26923076923077;0.11538461538461539;62;95;guitar;2;3;False;[]
97.38461538461539;0.11538461538461539;66;95;guitar;1;2;True;[]
97.5;0.11538461538461539;64;95;guitar;1;0;False;[]
97.61538461538461;0.11538461538461539;67;95;guitar;1;3;True;[]
97.73076923076923;0.11538461538461539;66;95;guitar;1;2;False;[]
97.84615384615384;0.11538461538461539;64;95;guitar;1;0;False;[]
97.96153846153847;0.11538461538461539;62;95;guitar;2;3;False;[]
98.07692307692308;0.11538461538461539;61;95;guitar;2;2;True;[]
98.1923076923077;0.11538461538461539;59;95;guitar;2;0;False;[]
98.3076923076923;0.11538461538461539;58;95;guitar;4;8;False;[]
98.42307692307692;0.11538461538461539;61;95;guitar;3;6;False;[]
98.53846153846153;0.11538461538461539;65;95;guitar;2;6;True;[]
98.65384615384616;0.11538461538461539;66;95;guitar;2;7;False;[]
98.76923076923077;0.11538461538461539;70;95;guitar;1;6;True;[]
98.88461538461539;0.11538461538461539;73;95;guitar;1;9;False;[]
99.0;0.11538461538461539;74;95;guitar;1;10;True;[]
99.11538461538461;0.11538461538461539;73;95;guitar;1;9;False;[]
99.23076923076923;0.11538461538461539;71;95;guitar;1;7;False;[]
99.34615384615384;0.11538461538461539;66;95;guitar;2;7;False;[]
99.46153846153847;0.11538461538461539;64;95;guitar;3;9;True;[]
99.57692307692308;0.11538461538461539;62;95;guitar;3;7;False;[]
99.6923076923077;0.11538461538461539;56;95;guitar;4;6;False;[]
99.8076923076923;0.11538461538461539;59;95;guitar;3;4;False;[]
99.92307692307692;0.11538461538461539;63;95;guitar;2;4;True;[]
100.03846153846153;0.11538461538461539;64;95;guitar;2;5;False;[]
100.15384615384616;0.11538461538461539;68;95;guitar;1;4;True;[]
100.26923076923077;0.11538461538461539;71;95;guitar;1;7;False;[]
100.38461538461539;0.11538461538461539;73;95;guitar;1;9;True;[]
100.5;0.11538461538461539;71;95;guitar;1;7;False;[]
100.61538461538461;0.11538461538461539;69;95;guitar;2;10;False;[]
100.73076923076923;0.11538461538461539;64;95;guitar;1;0;False;[]
100.84615384615384;0.11538461538461539;62;95;guitar;2;3;True;[]
100.96153846153847;0.11538461538461539;61;95;guitar;2;2;False;[]
101.07692307692308;0.11538461538461539;54;95;guitar;4;4;False;[]
101.1923076923077;0.11538461538461539;57;95;guitar;3;2;False;[]
101.3076923076923;0.11538461538461539;61;95;guitar;2;2;True;[]
101.42307692307692;0.11538461538461539;62;95;guitar;2;3;False;[]
101.53846153846153;0.11538461538461539;66;95;guitar;1;2;True;[]
101.65384615384616;0.11538461538461539;69;95;guitar;1;5;False;[]
101.76923076923077;0.11538461538461539;71;95;guitar;1;7;True;[]
101.88461538461539;0.11538461538461539;74;95;guitar;1;10;False;[]
102.0;0.11538461538461539;67;95;guitar;2;8;False;[]
102.11538461538461;0.11538461538461539;71;95;guitar;1;7;False;[]
102.23076923076923;0.11538461538461539;64;95;guitar;1;0;True;[]
102.34615384615384;0.11538461538461539;66;95;guitar;1;2;False;[]
102.46153846153847;0.11538461538461539;67;95;guitar;1;3;True;[]
102.57692307692308;0.11538461538461539;66;95;guitar;1;2;False;[]
102.6923076923077;0.11538461538461539;64;95;guitar;1;0;False;[]
102.8076923076923;0.11538461538461539;62;95;guitar;2;3;False;[]
102.92307692307692;0.11538461538461539;61;95;guitar;2;2;True;[]
103.03846153846153;0.11538461538461539;59;95;guitar;2;0;False;[]
103.15384615384616;0.11538461538461539;61;95;guitar;3;6;False;[]
103.26923076923077;0.11538461538461539;64;95;guitar;2;5;False;[]
103.38461538461539;0.11538461538461539;59;95;guitar;3;4;False;[]
103.5;0.11538461538461539;61;95;guitar;2;2;False;[]
103.61538461538461;0.11538461538461539;55;95;guitar;3;0;False;[]
103.73076923076923;0.11538461538461539;59;95;guitar;2;0;False;[]
103.84615384615384;0.11538461538461539;52;95;guitar;4;2;True;[]
103.96153846153847;0.11538461538461539;54;95;guitar;4;4;False;[]
104.07692307692308;0.11538461538461539;52;95;guitar;4;2;True;[]
104.1923076923077;0.11538461538461539;50;95;guitar;4;0;False;[]
104.3076923076923;0.11538461538461539;49;95;guitar;5;4;True;[]
104.42307692307692;0.11538461538461539;47;95;guitar;5;2;False;[]
104.53846153846153;0.11538461538461539;42;95;guitar;6;2;False;[]
104.65384615384616;0.11538461538461539;54;95;guitar;4;4;False;[]
104.76923076923077;0.11538461538461539;53;95;guitar;4;3;True;[]
104.88461538461539;0.11538461538461539;54;95;guitar;4;4;False;[]
105.0;0.11538461538461539;54;95;guitar;4;4;False;[]
105.11538461538461;0.11538461538461539;54;95;guitar;4;4;False;[]
105.23076923076923;0.11538461538461539;43;95;guitar;6;3;False;[]
105.34615384615384;0.11538461538461539;54;95;guitar;4;4;False;[]
105.46153846153847;0.11538461538461539;53;95;guitar;4;3;True;[]
105.57692307692308;0.11538461538461539;54;95;guitar;4;4;False;[]
105.6923076923077;0.11538461538461539;54;95;guitar;4;4;False;[]
105.8076923076923;0.11538461538461539;54;95;guitar;4;4;False;[]
105.92307692307692;0.11538461538461539;44;95;guitar;6;4;False;[]
106.03846153846153;0.11538461538461539;54;95;guitar;4;4;False;[]
106.15384615384616;0.11538461538461539;53;95;guitar;4;3;True;[]
106.26923076923077;0.11538461538461539;54;95;guitar;4;4;False;[]
106.38461538461539;0.11538461538461539;54;95;guitar;4;4;False;[]
106.5;0.11538461538461539;54;95;guitar;4;4;False;[]
106.61538461538461;0.11538461538461539;45;95;guitar;5;0;False;[]
106.73076923076923;0.11538461538461539;54;95;guitar;4;4;False;[]
106.84615384615384;0.11538461538461539;53;95;guitar;4;3;True;[]
106.96153846153847;0.11538461538461539;54;95;guitar;4;4;False;[]
107.07692307692308;0.11538461538461539;54;95;guitar;4;4;False;[]
107.1923076923077;0.11538461538461539;54;95;guitar;4;4;False;[]
107.3076923076923;0.11538461538461539;46;95;guitar;5;1;False;[]
107.42307692307692;0.11538461538461539;54;95;guitar;4;4;False;[]
107.53846153846153;0.11538461538461539;53;95;guitar;4;3;True;[]
107.65384615384616;0.11538461538461539;54;95;guitar;4;4;False;[]
107.76923076923077;0.11538461538461539;54;95;guitar;4;4;False;[]
107.88461538461539;0.11538461538461539;54;95;guitar;4;4;False;[]
108.0;0.11538461538461539;47;95;guitar;5;2;False;[]
108.11538461538461;0.11538461538461539;54;95;guitar;4;4;False;[]
108.23076923076923;0.11538461538461539;53;95;guitar;4;3;True;[]
108.34615384615385;0.11538461538461539;54;95;guitar;4;4;False;[]
108.46153846153847;0.11538461538461539;55;95;guitar;3;0;False;[]
108.57692307692308;0.11538461538461539;54;95;guitar;4;4;False;[]
108.6923076923077;0.11538461538461539;59;95;guitar;3;4;False;[]
108.8076923076923;0.11538461538461539;54;95;guitar;4;4;False;[]
108.92307692307692;0.11538461538461539;62;95;guitar;2;3;False;[]
109.03846153846153;0.11538461538461539;54;95;guitar;4;4;False;[]
109.15384615384616;0.11538461538461539;59;95;guitar;3;4;False;[]
109.26923076923077;0.11538461538461539;54;95;guitar;4;4;False;[]
109.38461538461539;0.11538461538461539;47;95;guitar;5;2;False;[]
109.5;0.11538461538461539;54;95;guitar;4;4;False;[]
109.61538461538461;0.11538461538461539;53;95;guitar;4;3;True;[]
109.73076923076923;0.11538461538461539;54;95;guitar;4;4;False;[]
109.84615384615385;0.11538461538461539;55;95;guitar;3;0;False;[]
109.96153846153847;0.11538461538461539;54;95;guitar;4;4;False;[]
110.07692307692308;0.11538461538461539;59;95;guitar;3;4;False;[]
110.1923076923077;0.11538461538461539;54;95;guitar;4;4;False;[]
110.3076923076923;0.11538461538461539;62;95;guitar;2;3;False;[]
110.42307692307692;0.11538461538461539;54;95;guitar;4;4;False;[]
110.53846153846153;0.11538461538461539;59;95;guitar;3;4;False;[]
110.65384615384616;0.11538461538461539;54;95;guitar;4;4;False;[]
110.76923076923077;0.11538461538461539;47;95;guitar;5;2;False;[]
110.88461538461539;0.11538461538461539;55;95;guitar;4;5;False;[]
111.0;0.11538461538461539;54;95;guitar;4;4;True;[]
111.11538461538461;0.11538461538461539;55;95;guitar;4;5;False;[]
111.23076923076923;0.11538461538461539;57;95;guitar;3;2;False;[]
111.34615384615385;0.11538461538461539;55;95;guitar;4;5;False;[]
111.46153846153847;0.11538461538461539;59;95;guitar;3;4;False;[]
111.57692307692308;0.11538461538461539;55;95;guitar;4;5;False;[]
111.6923076923077;0.11538461538461539;62;95;guitar;2;3;False;[]
111.8076923076923;0.11538461538461539;55;95;guitar;4;5;False;[]
111.92307692307692;0.11538461538461539;59;95;guitar;3;4;False;[]
112.03846153846153;0.11538461538461539;55;95;guitar;4;5;False;[]
112.15384615384616;0.11538461538461539;47;95;guitar;5;2;False;[]
112.26923076923077;0.11538461538461539;55;95;guitar;4;5;False;[]
112.38461538461539;0.11538461538461539;54;95;guitar;4;4;True;[]
112.5;0.11538461538461539;55;95;guitar;4;5;False;[]
112.61538461538461;0.11538461538461539;57;95;guitar;3;2;False;[]
112.73076923076923;0.11538461538461539;55;95;guitar;4;5;False;[]
112.84615384615385;0.11538461538461539;59;95;guitar;3;4;False;[]
112.96153846153847;0.11538461538461539;55;95;guitar;4;5;False;[]
113.07692307692308;0.11538461538461539;62;95;guitar;2;3;False;[]
113.1923076923077;0.11538461538461539;55;95;guitar;4;5;False;[]
113.3076923076923;0.11538461538461539;59;95;guitar;3;4;False;[]
113.42307692307692;0.11538461538461539;55;95;guitar;4;5;False;[]
113.53846153846153;0.11538461538461539;49;95;guitar;5;4;False;[]
113.65384615384616;0.11538461538461539;57;95;guitar;4;7;False;[]
113.76923076923077;0.11538461538461539;56;95;guitar;4;6;True;[]
113.88461538461539;0.11538461538461539;57;95;guitar;4;7;False;[]
114.0;0.11538461538461539;59;95;guitar;3;4;False;[]
114.11538461538461;0.11538461538461539;57;95;guitar;4;7;False;[]
114.23076923076923;0.11538461538461539;61;95;guitar;3;6;False;[]
114.34615384615385;0.11538461538461539;57;95;guitar;4;7;False;[]
114.46153846153847;0.11538461538461539;64;95;guitar;2;5;False;[]
114.57692307692308;0.11538461538461539;57;95;guitar;4;7;False;[]
114.6923076923077;0.11538461538461539;61;95;guitar;3;6;False;[]
114.8076923076923;0.11538461538461539;57;95;guitar;4;7;False;[]
114.92307692307692;0.11538461538461539;49;95;guitar;5;4;False;[]
115.03846153846153;0.11538461538461539;57;95;guitar;4;7;False;[]
115.15384615384616;0.11538461538461539;56;95;guitar;4;6;True;[]
115.26923076923077;0.11538461538461539;57;95;guitar;4;7;False;[]
115.38461538461539;0.11538461538461539;59;95;guitar;3;4;False;[]
115.5;0.11538461538461539;57;95;guitar;4;7;False;[]
115.61538461538461;0.11538461538461539;61;95;guitar;3;6;False;[]
115.73076923076923;0.11538461538461539;57;95;guitar;4;7;False;[]
115.84615384615385;0.11538461538461539;64;95;guitar;2;5;False;[]
115.96153846153847;0.11538461538461539;57;95;guitar;4;7;False;[]
116.07692307692308;0.11538461538461539;61;95;guitar;3;6;False;[]
116.1923076923077;0.11538461538461539;57;95;guitar;4;7;False;[]
116.3076923076923;0.11538461538461539;50;95;guitar;5;5;False;[]
116.42307692307692;0.11538461538461539;57;95;guitar;4;7;False;[]
116.53846153846153;0.11538461538461539;56;95;guitar;4;6;True;[]
116.65384615384616;0.11538461538461539;57;95;guitar;4;7;False;[]
116.76923076923077;0.11538461538461539;66;95;guitar;2;7;False;[]
116.88461538461539;0.11538461538461539;57;95;guitar;4;7;False;[]
117.0;0.11538461538461539;49;95;guitar;5;4;False;[]
117.11538461538461;0.11538461538461539;55;95;guitar;4;5;False;[]
117.23076923076923;0.11538461538461539;54;95;guitar;4;4;True;[]
117.34615384615385;0.11538461538461539;55;95;guitar;4;5;False;[]
117.46153846153847;0.11538461538461539;64;95;guitar;2;5;False;[]
117.57692307692308;0.11538461538461539;55;95;guitar;4;5;False;[]
117.6923076923077;0.11538461538461539;47;95;guitar;5;2;False;[]
117.8076923076923;0.11538461538461539;54;95;guitar;4;4;False;[]
117.92307692307692;0.11538461538461539;53;95;guitar;4;3;True;[]
118.03846153846153;0.11538461538461539;54;95;guitar;4;4;False;[]
118.15384615384616;0.11538461538461539;62;95;guitar;2;3;False;[]
118.26923076923077;0.11538461538461539;54;95;guitar;4;4;False;[]
118.38461538461539;0.11538461538461539;40;95;guitar;6;0;False;[]
118.5;0.11538461538461539;52;95;guitar;4;2;False;[]
118.61538461538461;0.11538461538461539;51;95;guitar;4;1;True;[]
118.73076923076923;0.11538461538461539;52;95;guitar;4;2;False;[]
118.84615384615385;0.11538461538461539;61;95;guitar;2;2;False;[]
118.96153846153847;0.11538461538461539;52;95;guitar;4;2;False;[]
119.07692307692308;0.11538461538461539;41;95;guitar;6;1;False;[]
119.1923076923077;0.11538461538461539;53;95;guitar;4;3;False;[]
119.3076923076923;0.11538461538461539;52;95;guitar;4;2;True;[]
119.42307692307692;0.11538461538461539;53;95;guitar;4;3;False;[]
119.53846153846153;0.11538461538461539;59;95;guitar;2;0;False;[]
119.65384615384616;0.11538461538461539;53;95;guitar;4;3;False;[]
119.76923076923077;0.11538461538461539;42;95;guitar;6;2;False;[]
119.88461538461539;0.11538461538461539;49;95;guitar;5;4;False;[]
120.0;0.11538461538461539;48;95;guitar;5;3;True;[]
120.11538461538461;0.11538461538461539;49;95;guitar;5;4;False;[]
120.23076923076923;0.11538461538461539;59;95;guitar;2;0;False;[]
120.34615384615385;0.11538461538461539;58;95;guitar;3;3;False;[]
120.46153846153847;0.11538461538461539;59;95;guitar;2;0;False;[]
120.57692307692308;0.11538461538461539;54;95;guitar;4;4;False;[]
120.6923076923077;0.11538461538461539;50;95;guitar;5;5;False;[]
120.8076923076923;0.11538461538461539;47;95;guitar;6;7;False;[]
120.92307692307692;0.11538461538461539;46;95;guitar;6;6;True;[]
121.03846153846153;0.11538461538461539;47;95;guitar;6;7;False;[]
121.15384615384616;0.11538461538461539;50;95;guitar;5;5;False;[]
121.26923076923077;0.11538461538461539;54;95;guitar;4;4;False;[]
121.38461538461539;0.11538461538461539;59;95;guitar;2;0;True;[]
121.5;0.11538461538461539;61;95;guitar;2;2;False;[]
121.61538461538461;0.11538461538461539;62;95;guitar;2;3;True;[]
121.73076923076923;0.11538461538461539;64;95;guitar;2;5;False;[]
121.84615384615385;0.11538461538461539;66;95;guitar;1;2;False;[]
121.96153846153847;0.11538461538461539;62;95;guitar;2;3;False;[]
122.07692307692308;0.11538461538461539;59;95;guitar;3;4;False;[]
122.1923076923077;0.11538461538461539;54;95;guitar;4;4;False;[]
122.3076923076923;0.11538461538461539;66;95;guitar;1;2;False;[]
122.42307692307692;0.11538461538461539;62;95;guitar;2;3;False;[]
122.53846153846153;0.11538461538461539;64;95;guitar;1;0;False;[]
122.65384615384616;0.11538461538461539;61;95;guitar;2;2;False;[]
122.76923076923077;0.11538461538461539;58;95;guitar;3;3;False;[]
122.88461538461539;0.11538461538461539;54;95;guitar;4;4;False;[]
123.0;0.11538461538461539;64;95;guitar;1;0;False;[]
123.11538461538461;0.11538461538461539;61;95;guitar;2;2;False;[]
123.23076923076923;0.11538461538461539;62;95;guitar;2;3;False;[]
123.34615384615385;0.11538461538461539;59;95;guitar;3;4;False;[]
123.46153846153847;0.11538461538461539;55;95;guitar;4;5;False;[]
123.57692307692308;0.11538461538461539;40;95;guitar;6;0;True;[]
123.6923076923077;0.11538461538461539;42;95;guitar;6;2;True;[]
123.8076923076923;0.11538461538461539;43;95;guitar;6;3;False;[]
123.92307692307692;0.11538461538461539;45;95;guitar;5;0;True;[]
124.03846153846153;0.11538461538461539;47;95;guitar;5;2;True;[]
124.15384615384616;0.11538461538461539;49;95;guitar;5;4;False;[]
124.26923076923077;0.11538461538461539;50;95;guitar;4;0;True;[]
124.38461538461539;0.11538461538461539;52;95;guitar;4;2;True;[]
124.5;0.11538461538461539;53;95;guitar;4;3;False;[]
124.61538461538461;0.11538461538461539;54;95;guitar;4;4;False;[]
124.73076923076923;0.11538461538461539;59;95;guitar;3;4;False;[]
124.84615384615385;0.11538461538461539;62;95;guitar;2;3;False;[]
124.96153846153847;0.11538461538461539;64;95;guitar;1;0;False;[]
125.07692307692308;0.11538461538461539;66;95;guitar;1;2;True;[]
125.1923076923077;0.11538461538461539;69;95;guitar;1;5;False;[]
125.3076923076923;0.11538461538461539;67;95;guitar;1;3;True;[]
125.42307692307692;0.11538461538461539;66;95;guitar;1;2;False;[]
125.53846153846153;0.11538461538461539;64;95;guitar;1;0;False;[]
125.65384615384616;0.11538461538461539;62;95;guitar;2;3;False;[]
125.76923076923077;0.11538461538461539;61;95;guitar;2;2;True;[]
125.88461538461539;0.11538461538461539;59;95;guitar;2;0;False;[]
126.0;0.11538461538461539;57;95;guitar;4;7;False;[]
126.11538461538461;0.11538461538461539;61;95;guitar;3;6;False;[]
126.23076923076923;0.11538461538461539;59;95;guitar;2;0;False;[]
126.34615384615385;0.11538461538461539;64;95;guitar;1;0;False;[]
126.46153846153847;0.11538461538461539;55;95;guitar;4;5;False;[]
126.57692307692308;0.11538461538461539;61;95;guitar;3;6;False;[]
126.6923076923077;0.11538461538461539;52;95;guitar;5;7;False;[]
126.8076923076923;0.11538461538461539;61;95;guitar;3;6;False;[]
126.92307692307692;0.11538461538461539;59;95;guitar;2;0;False;[]
127.03846153846153;0.11538461538461539;69;95;guitar;1;5;False;[]
127.15384615384616;0.11538461538461539;53;95;guitar;5;8;False;[]
127.26923076923077;0.11538461538461539;67;95;guitar;2;8;False;[]
127.38461538461539;0.11538461538461539;54;95;guitar;5;9;False;[]
127.5;0.11538461538461539;58;95;guitar;4;8;False;[]
127.61538461538463;0.11538461538461539;61;95;guitar;3;6;False;[]
127.73076923076924;0.11538461538461539;65;95;guitar;2;6;False;[]
127.84615384615385;0.11538461538461539;66;95;guitar;2;7;True;[]
127.96153846153847;0.11538461538461539;67;95;guitar;2;8;False;[]
128.0769230769231;0.11538461538461539;64;95;guitar;1;0;False;[]
128.1923076923077;0.11538461538461539;61;95;guitar;2;2;False;[]
128.30769230769232;0.11538461538461539;58;95;guitar;3;3;True;[]
128.42307692307693;0.11538461538461539;55;95;guitar;3;0;False;[]
128.53846153846155;0.11538461538461539;54;95;guitar;4;4;True;[]
128.65384615384616;0.11538461538461539;52;95;guitar;4;2;False;[]
128.76923076923077;0.11538461538461539;50;95;guitar;4;0;False;[]
128.8846153846154;0.11538461538461539;59;95;guitar;2;0;False;[]
129.00000000000003;0.11538461538461539;74;95;guitar;1;10;True;[]
129.11538461538464;0.11538461538461539;73;95;guitar;1;9;False;[]
129.23076923076925;0.11538461538461539;71;95;guitar;1;7;False;[]
129.34615384615387;0.11538461538461539;69;95;guitar;2;10;False;[]
129.46153846153848;0.11538461538461539;67;95;guitar;2;8;True;[]
129.5769230769231;0.11538461538461539;66;95;guitar;2;7;False;[]
129.6923076923077;0.11538461538461539;64;95;guitar;3;9;False;[]
129.80769230769232;0.11538461538461539;62;95;guitar;3;7;False;[]
129.92307692307693;0.11538461538461539;61;95;guitar;3;6;False;[]
130.03846153846155;0.11538461538461539;59;95;guitar;2;0;False;[]
130.15384615384616;0.11538461538461539;40;95;guitar;6;0;False;[]
130.26923076923077;0.11538461538461539;52;95;guitar;5;7;False;[]
130.3846153846154;0.11538461538461539;62;95;guitar;3;7;True;[]
130.50000000000003;0.11538461538461539;61;95;guitar;3;6;False;[]
130.61538461538464;0.11538461538461539;61;95;guitar;3;6;False;[]
130.73076923076925;0.11538461538461539;55;95;guitar;4;5;False;[]
130.84615384615387;0.11538461538461539;42;95;guitar;6;2;False;[]
130.96153846153848;0.11538461538461539;49;95;guitar;5;4;False;[]
131.0769230769231;0.11538461538461539;59;95;guitar;3;4;True;[]
131.1923076923077;0.11538461538461539;58;95;guitar;3;3;False;[]
131.30769230769232;0.11538461538461539;58;95;guitar;3;3;False;[]
131.42307692307693;0.11538461538461539;52;95;guitar;4;2;False;[]
131.53846153846155;0.11538461538461539;47;95;guitar;5;2;False;[]
131.65384615384616;0.11538461538461539;50;95;guitar;4;0;False;[]
131.76923076923077;0.11538461538461539;59;95;guitar;2;0;False;[]
131.8846153846154;0.11538461538461539;50;95;guitar;4;0;False;[]
132.00000000000003;0.11538461538461539;47;95;guitar;5;2;False;[]
132.11538461538464;0.11538461538461539;50;95;guitar;4;0;False;[]
132.23076923076925;0.11538461538461539;45;95;guitar;5;0;False;[]
132.34615384615387;0.11538461538461539;51;95;guitar;4;1;False;[]
132.46153846153848;0.11538461538461539;59;95;guitar;2;0;False;[]
132.5769230769231;0.11538461538461539;51;95;guitar;4;1;False;[]
132.6923076923077;0.11538461538461539;45;95;guitar;5;0;False;[]
132.80769230769232;0.11538461538461539;51;95;guitar;4;1;False;[]
132.92307692307693;0.11538461538461539;44;95;guitar;6;4;False;[]
133.03846153846155;0.11538461538461539;52;95;guitar;4;2;False;[]
133.15384615384616;0.11538461538461539;59;95;guitar;2;0;False;[]
133.26923076923077;0.11538461538461539;52;95;guitar;4;2;False;[]
133.3846153846154;0.11538461538461539;44;95;guitar;6;4;False;[]
133.50000000000003;0.11538461538461539;52;95;guitar;4;2;False;[]
133.61538461538464;0.11538461538461539;43;95;guitar;6;3;False;[]
133.73076923076925;0.11538461538461539;53;95;guitar;4;3;False;[]
133.84615384615387;0.11538461538461539;59;95;guitar;2;0;False;[]
133.96153846153848;0.11538461538461539;53;95;guitar;4;3;False;[]
134.0769230769231;0.11538461538461539;43;95;guitar;6;3;False;[]
134.1923076923077;0.11538461538461539;53;95;guitar;4;3;False;[]
134.30769230769232;0.11538461538461539;42;95;guitar;6;2;False;[]
134.42307692307693;0.11538461538461539;54;95;guitar;4;4;False;[]
134.53846153846155;0.11538461538461539;62;95;guitar;2;3;False;[]
134.65384615384616;0.11538461538461539;59;95;guitar;3;4;False;[]
134.76923076923077;0.11538461538461539;54;95;guitar;4;4;False;[]
134.8846153846154;0.11538461538461539;59;95;guitar;3;4;False;[]
135.00000000000003;0.11538461538461539;42;95;guitar;6;2;False;[]
135.11538461538464;0.11538461538461539;52;95;guitar;4;2;False;[]
135.23076923076925;0.11538461538461539;61;95;guitar;2;2;False;[]
135.34615384615387;0.11538461538461539;58;95;guitar;3;3;False;[]
135.46153846153848;0.11538461538461539;52;95;guitar;4;2;False;[]
135.5769230769231;0.11538461538461539;58;95;guitar;3;3;False;[]
135.6923076923077;0.11538461538461539;59;95;guitar;3;4;False;[]
135.80769230769232;0.11538461538461539;54;95;guitar;4;4;False;[]
135.92307692307693;0.11538461538461539;50;95;guitar;5;5;False;[]
136.03846153846155;0.11538461538461539;47;95;guitar;6;7;False;[]
136.15384615384616;0.11538461538461539;50;95;guitar;5;5;False;[]
136.26923076923077;0.11538461538461539;54;95;guitar;4;4;False;[]
136.3846153846154;0.11538461538461539;62;95;guitar;3;7;False;[]
136.50000000000003;0.11538461538461539;59;95;guitar;4;9;False;[]
136.61538461538464;0.11538461538461539;54;95;guitar;5;9;False;[]
136.73076923076925;0.11538461538461539;47;95;guitar;6;7;False;[]
136.84615384615387;0.11538461538461539;54;95;guitar;5;9;False;[]
136.96153846153848;0.11538461538461539;59;95;guitar;4;9;False;[]
137.0769230769231;0.11538461538461539;66;95;guitar;2;7;False;[]
137.1923076923077;0.11538461538461539;62;95;guitar;3;7;False;[]
137.30769230769232;0.11538461538461539;59;95;guitar;4;9;False;[]
137.42307692307693;0.11538461538461539;54;95;guitar;5;9;False;[]
137.53846153846155;0.11538461538461539;59;95;guitar;4;9;False;[]
137.65384615384616;0.11538461538461539;62;95;guitar;3;7;False;[]
137.76923076923077;0.11538461538461539;71;95;guitar;1;7;False;[]
137.88461538461542;0.11538461538461539;66;95;guitar;2;7;False;[]
138.00000000000003;0.11538461538461539;62;95;guitar;3;7;False;[]
138.11538461538464;0.11538461538461539;59;95;guitar;4;9;False;[]
138.23076923076925;0.11538461538461539;62;95;guitar;4;12;False;[]
138.34615384615387;0.11538461538461539;66;95;guitar;3;11;False;[]
138.46153846153848;0.11538461538461539;74;95;guitar;1;10;False;[]
138.5769230769231;0.11538461538461539;71;95;guitar;2;12;False;[]
138.6923076923077;0.11538461538461539;66;95;guitar;3;11;False;[]
138.80769230769232;0.11538461538461539;62;95;guitar;4;12;False;[]
138.92307692307693;0.11538461538461539;66;95;guitar;3;11;False;[]
139.03846153846155;0.11538461538461539;71;95;guitar;2;12;False;[]
139.15384615384616;0.11538461538461539;78;95;guitar;1;14;False;[]
139.26923076923077;0.11538461538461539;74;95;guitar;2;15;False;[]
139.38461538461542;0.11538461538461539;71;95;guitar;3;16;False;[]
139.50000000000003;0.11538461538461539;74;95;guitar;2;15;False;[]
139.61538461538464;0.11538461538461539;78;95;guitar;1;14;False;[]
139.73076923076925;0.11538461538461539;83;95;guitar;1;19;False;[]
139.84615384615387;0.46153846153846156;83;95;guitar;1;19;False;[]
139.84615384615387;0.46153846153846156;74;95;guitar;2;15;False;[]
139.84615384615387;0.46153846153846156;71;95;guitar;3;16;False;[]
140.53846153846155;0.46153846153846156;71;95;guitar;1;7;False;[]
140.53846153846155;0.46153846153846156;66;95;guitar;2;7;False;[]
140.53846153846155;0.46153846153846156;62;95;guitar;3;7;False;[]
140.53846153846155;0.46153846153846156;59;95;guitar;4;9;False;[]
141.23076923076925;0.9230769230769231;59;95;guitar;3;4;False;[]
141.23076923076925;0.9230769230769231;54;95;guitar;4;4;False;[]
141.23076923076925;0.9230769230769231;50;95;guitar;5;5;False;[]
141.23076923076925;0.9230769230769231;47;95;guitar;6;7;False;[]
